{"user_id_to_index": {"1": 0, "2": 1, "3": 2, "4": 3}, "product_id_to_index": {"10": 0, "11": 1, "12": 2, "13": 3}, "user_embeddings": [[0.2824775266705655, 0.22175501083670243, 0.5302853904088892, 0.20470300537130737, 0.6138842798418485, 0.45653857321919933, 0.35974534103314393, 0.5870688381960795, 0.5620218122260319, 0.468252775882595, 0.18893610410346642, 0.12180763269539245, -0.026428189284292254, 0.12215476268271258, 0.48700128801192044, -0.06628114773217997, 0.4356257938645636, -0.05539376713958005, 0.5745726331835346, 0.007333848072333063], [0.08831152397431304, 0.2666033643137114, 0.23998081477435715, 0.13429451926472152, 0.2628311436316285, 0.5172292660875123, 0.2852920554531932, 0.7014500039853586, 0.048170313789634336, -0.07537690248068446, 0.04513222628610585, 0.18429938335186885, 0.6377094860941713, 0.2821211685664521, -0.019704999461023984, 0.27806146083531996, 0.31668241547354076, 0.5386582153371102, 0.7108669513692715, 0.6353781159623266], [0.7720191012707943, 0.5844871642962539, -0.007929861446961778, 0.11996359412463313, 0.2505939092499677, 0.14979633869992606, -0.07709746114728626, 0.011117232909221546, 0.5347032547636907, 0.14210927244135474, 0.5112072040398813, 0.46235989501606856, 0.5588212191131604, 0.46680606245352485, 0.025930665760308648, 0.42851108217140715, 0.2705115494834367, 0.2720901642356577, 0.4847566022106793, 0.3377798370102183], [0.6723141497542227, 0.6458791358377478, 0.39438928434611176, 0.18387812134167567, -0.015802340984359682, 0.4948777279938741, 0.09584180019588881, 0.7538823694482447, 0.025596447551266728, 0.20089944346024494, 0.23581798678891686, 0.16195859139624708, 0.6424715395671394, -0.00257286752431404, 0.03378889375329987, 0.4306031088026792, 0.5200972439798688, 0.6519853879194161, 0.8155036490578265, 0.6121908204875581]], "product_embeddings": [[0.12312793219903641, 0.40276854369245996, -0.005996920223133553, -0.006035199998693567, 0.5566833377300254, 0.5052629433101705, 0.522784367658932, -0.2876914598310878, 0.08562668240185961, -0.0037107804097372536, 0.06730827062742298, 0.22412677965572625, -0.0505086960355763, 0.49880812306135036, 0.18077548776027277, 0.42768213888892287, 0.41132943956994605, 0.46016334544524307, -0.13956038167844673, -0.04366427664700537], [-0.24787470470116368, -0.15290209102821106, 0.4510578807959212, 0.5119141254525114, 0.4815527177076209, -0.10889204540563734, 0.21811198849624985, 0.11684488153215071, 0.1929565201465309, 0.05224392607824929, 0.2989150805650143, 0.12827807508705508, 0.22191429311687477, 0.4841769328358539, -0.03313193895830597, 0.4951881523215999, 0.5224586091222849, 0.09763310162312505, -0.12902710992864838, 0.4124787338394926], [0.44358746545696576, -0.007170350466700537, 0.4864682539290348, 0.2880458392473373, -0.14479677027206161, -0.2542070992192241, 0.28936121336844, 0.18582945171815965, 0.08956193564497375, 0.4110098290001736, 0.4033770640031577, 0.5904296346304134, 0.37242119990468653, 0.44029945317615865, 0.6884989324831673, 0.7323124976832668, -0.11296371381640029, 0.2691630931298791, -0.1961052153403269, 0.2163209923048387], [-0.20564185089161047, -0.1339079147099027, 0.8154675145928189, 0.002317105181805516, 0.6242205118099534, 0.20062809820194893, 0.4729809908744032, 0.31793931385091656, -0.07913550345164647, -0.011784028315336214, -0.016685612527300567, 0.5531887052928827, 0.4035830413483153, 0.026876316460219648, 0.8707213283140445, 0.09982497234773476, 0.178905476109749, 0.31506677127524196, 0.44453908036397016, 0.680790205719942]]}